<?xml version="1.0" encoding="UTF-8" ?>
<!DOCTYPE mapper PUBLIC "-//mybatis.org//DTD Mapper 3.0//EN" "http://mybatis.org/dtd/mybatis-3-mapper.dtd" >
<mapper namespace="com.spring.dao.BiyequxiangMapper">
    <resultMap id="BaseResultMap" type="com.spring.entity.Biyequxiang">
        <id column="id" property="id" jdbcType="INTEGER"/>
                            <result column="xuehao" property="xuehao" jdbcType="VARCHAR"/>
                                    <result column="xingming" property="xingming" jdbcType="VARCHAR"/>
                                    <result column="banji" property="banji" jdbcType="VARCHAR"/>
                                    <result column="fangxiang" property="fangxiang" jdbcType="VARCHAR"/>
                                    <result column="diqu" property="diqu" jdbcType="VARCHAR"/>
                                    <result column="sanfangxieyihao" property="sanfangxieyihao" jdbcType="VARCHAR"/>
                                    <result column="jiuyeqiye" property="jiuyeqiye" jdbcType="VARCHAR"/>
                                    <result column="tianxieren" property="tianxieren" jdbcType="VARCHAR"/>
                                                    <result column="xueshengid" property="xueshengid" jdbcType="INTEGER"/>
                <result column="addtime" property="addtime" jdbcType="VARCHAR"/>
            </resultMap>
    <sql id="Base_Column_List">
        id, xuehao, xingming, banji, fangxiang, diqu, sanfangxieyihao, jiuyeqiye, tianxieren, xueshengid, addtime    </sql>
    </mapper>
