<?xml version="1.0" encoding="UTF-8" ?>
<!DOCTYPE mapper PUBLIC "-//mybatis.org//DTD Mapper 3.0//EN" "http://mybatis.org/dtd/mybatis-3-mapper.dtd" >
<mapper namespace="com.spring.dao.PinglunMapper" >
  <resultMap id="BaseResultMap" type="com.spring.entity.Pinglun" >
    <id column="id" property="id" jdbcType="INTEGER" />
    <result column="wenzhangID" property="wenzhangid" jdbcType="INTEGER" />
    <result column="pinglunren" property="pinglunren" jdbcType="VARCHAR" />
    <result column="addtime" property="addtime" jdbcType="VARCHAR" />
    <result column="biao" property="biao" jdbcType="VARCHAR" />
    <result column="pingfen" property="pingfen" jdbcType="INTEGER" />
    <result column="pinglunneirong" property="pinglunneirong" jdbcType="VARCHAR" />
  </resultMap>
</mapper>