<?xml version="1.0" encoding="UTF-8" ?>
<!DOCTYPE mapper PUBLIC "-//mybatis.org//DTD Mapper 3.0//EN" "http://mybatis.org/dtd/mybatis-3-mapper.dtd" >
<mapper namespace="com.spring.dao.QiyeMapper">
    <resultMap id="BaseResultMap" type="com.spring.entity.Qiye">
        <id column="id" property="id" jdbcType="INTEGER"/>
                            <result column="yonghuming" property="yonghuming" jdbcType="VARCHAR"/>
                                    <result column="mima" property="mima" jdbcType="VARCHAR"/>
                                    <result column="qiyemingcheng" property="qiyemingcheng" jdbcType="VARCHAR"/>
                                    <result column="qiyedizhi" property="qiyedizhi" jdbcType="VARCHAR"/>
                                    <result column="lianxiren" property="lianxiren" jdbcType="VARCHAR"/>
                                    <result column="lianxidianhua" property="lianxidianhua" jdbcType="VARCHAR"/>
                                    <result column="dianziyoujian" property="dianziyoujian" jdbcType="VARCHAR"/>
                                    <result column="yingyezhizhao" property="yingyezhizhao" jdbcType="VARCHAR"/>
                                    <result column="wangzhan" property="wangzhan" jdbcType="VARCHAR"/>
                                    <result column="gongsijianjie" property="gongsijianjie" jdbcType="VARCHAR"/>
                                    <result column="issh" property="issh" jdbcType="VARCHAR"/>
                                <result column="addtime" property="addtime" jdbcType="VARCHAR"/>
            </resultMap>
    <sql id="Base_Column_List">
        id, yonghuming, mima, qiyemingcheng, qiyedizhi, lianxiren, lianxidianhua, dianziyoujian, yingyezhizhao, wangzhan, gongsijianjie, issh, addtime    </sql>
        <select id="login" resultMap="BaseResultMap" parameterType="com.spring.entity.Qiye">
        select
        <include refid="Base_Column_List"/>
        from qiye        where yonghuming = #{yonghuming}
        AND mima = #{mima}
    </select>
    </mapper>
