<?xml version="1.0" encoding="UTF-8" ?>
<!DOCTYPE mapper PUBLIC "-//mybatis.org//DTD Mapper 3.0//EN" "http://mybatis.org/dtd/mybatis-3-mapper.dtd" >
<mapper namespace="com.spring.dao.ToudijianliMapper">
    <resultMap id="BaseResultMap" type="com.spring.entity.Toudijianli">
        <id column="id" property="id" jdbcType="INTEGER"/>
                            <result column="bianhao" property="bianhao" jdbcType="VARCHAR"/>
                                    <result column="qiyemingcheng" property="qiyemingcheng" jdbcType="VARCHAR"/>
                                    <result column="zhiweimingcheng" property="zhiweimingcheng" jdbcType="VARCHAR"/>
                                    <result column="faburen" property="faburen" jdbcType="VARCHAR"/>
                                    <result column="shangchuanjianli" property="shangchuanjianli" jdbcType="VARCHAR"/>
                                    <result column="toudirenxingming" property="toudirenxingming" jdbcType="VARCHAR"/>
                                    <result column="shoujihao" property="shoujihao" jdbcType="VARCHAR"/>
                                    <result column="toudiren" property="toudiren" jdbcType="VARCHAR"/>
                                                    <result column="zhaopinxinxiid" property="zhaopinxinxiid" jdbcType="INTEGER"/>
                <result column="addtime" property="addtime" jdbcType="VARCHAR"/>
            </resultMap>
    <sql id="Base_Column_List">
        id, bianhao, qiyemingcheng, zhiweimingcheng, faburen, shangchuanjianli, toudirenxingming, shoujihao, toudiren, zhaopinxinxiid, addtime    </sql>
    </mapper>
