<?xml version="1.0" encoding="UTF-8" ?>
<!DOCTYPE mapper PUBLIC "-//mybatis.org//DTD Mapper 3.0//EN" "http://mybatis.org/dtd/mybatis-3-mapper.dtd" >
<mapper namespace="com.spring.dao.XueshengMapper">
    <resultMap id="BaseResultMap" type="com.spring.entity.Xuesheng">
        <id column="id" property="id" jdbcType="INTEGER"/>
                            <result column="xuehao" property="xuehao" jdbcType="VARCHAR"/>
                                    <result column="mima" property="mima" jdbcType="VARCHAR"/>
                                    <result column="xingming" property="xingming" jdbcType="VARCHAR"/>
                                    <result column="xingbie" property="xingbie" jdbcType="VARCHAR"/>
                                    <result column="banji" property="banji" jdbcType="VARCHAR"/>
                                    <result column="zhuanye" property="zhuanye" jdbcType="VARCHAR"/>
                                    <result column="sanfangxieyihao" property="sanfangxieyihao" jdbcType="VARCHAR"/>
                                    <result column="shoujihao" property="shoujihao" jdbcType="VARCHAR"/>
                                                <result column="addtime" property="addtime" jdbcType="VARCHAR"/>
            </resultMap>
    <sql id="Base_Column_List">
        id, xuehao, mima, xingming, xingbie, banji, zhuanye, sanfangxieyihao, shoujihao, addtime    </sql>
        <select id="login" resultMap="BaseResultMap" parameterType="com.spring.entity.Xuesheng">
        select
        <include refid="Base_Column_List"/>
        from xuesheng        where xuehao = #{xuehao}
        AND mima = #{mima}
    </select>
    </mapper>
