<?xml version="1.0" encoding="UTF-8" ?>
<!DOCTYPE mapper PUBLIC "-//mybatis.org//DTD Mapper 3.0//EN" "http://mybatis.org/dtd/mybatis-3-mapper.dtd" >
<mapper namespace="com.spring.dao.ZhaopinxinxiMapper">
    <resultMap id="BaseResultMap" type="com.spring.entity.Zhaopinxinxi">
        <id column="id" property="id" jdbcType="INTEGER"/>
                            <result column="bianhao" property="bianhao" jdbcType="VARCHAR"/>
                                    <result column="qiyemingcheng" property="qiyemingcheng" jdbcType="VARCHAR"/>
                                    <result column="lianxidianhua" property="lianxidianhua" jdbcType="VARCHAR"/>
                                    <result column="lianxiren" property="lianxiren" jdbcType="VARCHAR"/>
                                    <result column="xueliyaoqiu" property="xueliyaoqiu" jdbcType="VARCHAR"/>
                                    <result column="xingbie" property="xingbie" jdbcType="VARCHAR"/>
                                    <result column="zhiweimingcheng" property="zhiweimingcheng" jdbcType="VARCHAR"/>
                                    <result column="zhiweiyaoqiu" property="zhiweiyaoqiu" jdbcType="VARCHAR"/>
                                    <result column="gongzuodidian" property="gongzuodidian" jdbcType="VARCHAR"/>
                                    <result column="zhaopairenshu" property="zhaopairenshu" jdbcType="INTEGER"/>
                                    <result column="xinjin" property="xinjin" jdbcType="VARCHAR"/>
                                    <result column="qitadaiyu" property="qitadaiyu" jdbcType="VARCHAR"/>
                                    <result column="faburen" property="faburen" jdbcType="VARCHAR"/>
                                                    <result column="qiyeid" property="qiyeid" jdbcType="INTEGER"/>
                <result column="addtime" property="addtime" jdbcType="VARCHAR"/>
            </resultMap>
    <sql id="Base_Column_List">
        id, bianhao, qiyemingcheng, lianxidianhua, lianxiren, xueliyaoqiu, xingbie, zhiweimingcheng, zhiweiyaoqiu, gongzuodidian, zhaopairenshu, xinjin, qitadaiyu, faburen, qiyeid, addtime    </sql>
    </mapper>
